,chr,pos,region_x,gene_x,Not_annot,prom_gene,prom_region,promoter,pseudogene,snRNA,tRNA,lnc_RNA,snoRNA,rRNA,miRNA,exon,3'UTR,5'UTR,alternative UTR,intron,num_gene_hit,accunted_for,check
1,NW_022145506.1,30745,['not_annot'],[nan],1,,,0.0,0,0,0,0,0,0,0,0,0,0,0,0,0,0,0
4,NW_022145553.1,408528,['not_annot'],[nan],1,,,0.0,0,0,0,0,0,0,0,0,0,0,0,0,0,0,0
5,NW_022145553.1,408540,['not_annot'],[nan],1,,,0.0,0,0,0,0,0,0,0,0,0,0,0,0,0,0,0
7,NW_022145562.1,26249,['not_annot'],[nan],1,,,0.0,0,0,0,0,0,0,0,0,0,0,0,0,0,0,0
8,NW_022145565.1,426412,['not_annot'],[nan],1,,,0.0,0,0,0,0,0,0,0,0,0,0,0,0,0,0,0
10,NW_022145594.1,1315546,['not_annot'],[nan],1,,,0.0,0,0,0,0,0,0,0,0,0,0,0,0,0,0,0
13,NW_022145594.1,4144891,['not_annot'],[nan],1,,,0.0,0,0,0,0,0,0,0,0,0,0,0,0,0,0,0
14,NW_022145594.1,4279146,['not_annot'],[nan],1,,,0.0,0,0,0,0,0,0,0,0,0,0,0,0,0,0,0
17,NW_022145594.1,6918161,['not_annot'],[nan],1,,,0.0,0,0,0,0,0,0,0,0,0,0,0,0,0,0,0
18,NW_022145594.1,8391771,['not_annot'],[nan],1,,,0.0,0,0,0,0,0,0,0,0,0,0,0,0,0,0,0
21,NW_022145594.1,12217036,['not_annot'],[nan],1,,,0.0,0,0,0,0,0,0,0,0,0,0,0,0,0,0,0
22,NW_022145594.1,12217053,['not_annot'],[nan],1,,,0.0,0,0,0,0,0,0,0,0,0,0,0,0,0,0,0
23,NW_022145594.1,12219706,['not_annot'],[nan],1,,,0.0,0,0,0,0,0,0,0,0,0,0,0,0,0,0,0
24,NW_022145594.1,17439405,['not_annot'],[nan],1,,,0.0,0,0,0,0,0,0,0,0,0,0,0,0,0,0,0
25,NW_022145594.1,17439459,['not_annot'],[nan],1,,,0.0,0,0,0,0,0,0,0,0,0,0,0,0,0,0,0
26,NW_022145594.1,17439480,['not_annot'],[nan],1,,,0.0,0,0,0,0,0,0,0,0,0,0,0,0,0,0,0
33,NW_022145594.1,27758462,['not_annot'],[nan],1,,,0.0,0,0,0,0,0,0,0,0,0,0,0,0,0,0,0
53,NW_022145594.1,44596662,['not_annot'],[nan],1,,,0.0,0,0,0,0,0,0,0,0,0,0,0,0,0,0,0
55,NW_022145594.1,49498853,['not_annot'],[nan],1,,,0.0,0,0,0,0,0,0,0,0,0,0,0,0,0,0,0
57,NW_022145594.1,49946372,['not_annot'],[nan],1,,,0.0,0,0,0,0,0,0,0,0,0,0,0,0,0,0,0
58,NW_022145594.1,49946401,['not_annot'],[nan],1,,,0.0,0,0,0,0,0,0,0,0,0,0,0,0,0,0,0
59,NW_022145594.1,50305062,['not_annot'],[nan],1,,,0.0,0,0,0,0,0,0,0,0,0,0,0,0,0,0,0
60,NW_022145594.1,50367795,['not_annot'],[nan],1,,,0.0,0,0,0,0,0,0,0,0,0,0,0,0,0,0,0
61,NW_022145594.1,50370780,['not_annot'],[nan],1,,,0.0,0,0,0,0,0,0,0,0,0,0,0,0,0,0,0
62,NW_022145594.1,50382637,['not_annot'],[nan],1,,,0.0,0,0,0,0,0,0,0,0,0,0,0,0,0,0,0
63,NW_022145594.1,50386073,['not_annot'],[nan],1,,,0.0,0,0,0,0,0,0,0,0,0,0,0,0,0,0,0
75,NW_022145594.1,51599445,['not_annot'],[nan],1,,,0.0,0,0,0,0,0,0,0,0,0,0,0,0,0,0,0
76,NW_022145594.1,51969641,['not_annot'],[nan],1,,,0.0,0,0,0,0,0,0,0,0,0,0,0,0,0,0,0
77,NW_022145594.1,51973958,['not_annot'],[nan],1,,,0.0,0,0,0,0,0,0,0,0,0,0,0,0,0,0,0
80,NW_022145595.1,4197375,['not_annot'],[nan],1,,,0.0,0,0,0,0,0,0,0,0,0,0,0,0,0,0,0
91,NW_022145595.1,5169351,['not_annot'],[nan],1,,,0.0,0,0,0,0,0,0,0,0,0,0,0,0,0,0,0
94,NW_022145595.1,12910697,['not_annot'],[nan],1,,,0.0,0,0,0,0,0,0,0,0,0,0,0,0,0,0,0
95,NW_022145595.1,12982866,['not_annot'],[nan],1,,,0.0,0,0,0,0,0,0,0,0,0,0,0,0,0,0,0
96,NW_022145595.1,12983603,['not_annot'],[nan],1,,,0.0,0,0,0,0,0,0,0,0,0,0,0,0,0,0,0
98,NW_022145595.1,14212769,['not_annot'],[nan],1,,,0.0,0,0,0,0,0,0,0,0,0,0,0,0,0,0,0
99,NW_022145595.1,14212796,['not_annot'],[nan],1,,,0.0,0,0,0,0,0,0,0,0,0,0,0,0,0,0,0
102,NW_022145595.1,25872147,['not_annot'],[nan],1,,,0.0,0,0,0,0,0,0,0,0,0,0,0,0,0,0,0
105,NW_022145595.1,27000629,['not_annot'],[nan],1,,,0.0,0,0,0,0,0,0,0,0,0,0,0,0,0,0,0
111,NW_022145596.1,1332177,['not_annot'],[nan],1,,,0.0,0,0,0,0,0,0,0,0,0,0,0,0,0,0,0
112,NW_022145596.1,1332187,['not_annot'],[nan],1,,,0.0,0,0,0,0,0,0,0,0,0,0,0,0,0,0,0
113,NW_022145596.1,1332867,['not_annot'],[nan],1,,,0.0,0,0,0,0,0,0,0,0,0,0,0,0,0,0,0
114,NW_022145596.1,1332890,['not_annot'],[nan],1,,,0.0,0,0,0,0,0,0,0,0,0,0,0,0,0,0,0
119,NW_022145596.1,10881586,['not_annot'],[nan],1,,,0.0,0,0,0,0,0,0,0,0,0,0,0,0,0,0,0
120,NW_022145596.1,10881779,['not_annot'],[nan],1,,,0.0,0,0,0,0,0,0,0,0,0,0,0,0,0,0,0
121,NW_022145596.1,10885044,['not_annot'],[nan],1,,,0.0,0,0,0,0,0,0,0,0,0,0,0,0,0,0,0
122,NW_022145596.1,11179796,['not_annot'],[nan],1,,,0.0,0,0,0,0,0,0,0,0,0,0,0,0,0,0,0
123,NW_022145596.1,11180102,['not_annot'],[nan],1,,,0.0,0,0,0,0,0,0,0,0,0,0,0,0,0,0,0
126,NW_022145596.1,14516803,['not_annot'],[nan],1,,,0.0,0,0,0,0,0,0,0,0,0,0,0,0,0,0,0
142,NW_022145596.1,27831176,['not_annot'],[nan],1,,,0.0,0,0,0,0,0,0,0,0,0,0,0,0,0,0,0
145,NW_022145596.1,30671324,['not_annot'],[nan],1,,,0.0,0,0,0,0,0,0,0,0,0,0,0,0,0,0,0
146,NW_022145596.1,30756336,['not_annot'],[nan],1,,,0.0,0,0,0,0,0,0,0,0,0,0,0,0,0,0,0
147,NW_022145596.1,30756340,['not_annot'],[nan],1,,,0.0,0,0,0,0,0,0,0,0,0,0,0,0,0,0,0
150,NW_022145596.1,31686579,['not_annot'],[nan],1,,,0.0,0,0,0,0,0,0,0,0,0,0,0,0,0,0,0
152,NW_022145596.1,33190171,['not_annot'],[nan],1,,,0.0,0,0,0,0,0,0,0,0,0,0,0,0,0,0,0
159,NW_022145597.1,361623,['not_annot'],[nan],1,,,0.0,0,0,0,0,0,0,0,0,0,0,0,0,0,0,0
160,NW_022145597.1,362048,['not_annot'],[nan],1,,,0.0,0,0,0,0,0,0,0,0,0,0,0,0,0,0,0
162,NW_022145597.1,2519835,['not_annot'],[nan],1,,,0.0,0,0,0,0,0,0,0,0,0,0,0,0,0,0,0
163,NW_022145597.1,3130043,['not_annot'],[nan],1,,,0.0,0,0,0,0,0,0,0,0,0,0,0,0,0,0,0
173,NW_022145597.1,9522862,['not_annot'],[nan],1,,,0.0,0,0,0,0,0,0,0,0,0,0,0,0,0,0,0
175,NW_022145597.1,16730877,['not_annot'],[nan],1,,,0.0,0,0,0,0,0,0,0,0,0,0,0,0,0,0,0
176,NW_022145597.1,16798287,['not_annot'],[nan],1,,,0.0,0,0,0,0,0,0,0,0,0,0,0,0,0,0,0
177,NW_022145597.1,16805122,['not_annot'],[nan],1,,,0.0,0,0,0,0,0,0,0,0,0,0,0,0,0,0,0
178,NW_022145597.1,18074446,['not_annot'],[nan],1,,,0.0,0,0,0,0,0,0,0,0,0,0,0,0,0,0,0
179,NW_022145597.1,18094045,['not_annot'],[nan],1,,,0.0,0,0,0,0,0,0,0,0,0,0,0,0,0,0,0
184,NW_022145597.1,21308517,['not_annot'],[nan],1,,,0.0,0,0,0,0,0,0,0,0,0,0,0,0,0,0,0
185,NW_022145597.1,22289775,['not_annot'],[nan],1,,,0.0,0,0,0,0,0,0,0,0,0,0,0,0,0,0,0
186,NW_022145597.1,22330948,['not_annot'],[nan],1,,,0.0,0,0,0,0,0,0,0,0,0,0,0,0,0,0,0
188,NW_022145597.1,24763302,['not_annot'],[nan],1,,,0.0,0,0,0,0,0,0,0,0,0,0,0,0,0,0,0
190,NW_022145597.1,25089883,['not_annot'],[nan],1,,,0.0,0,0,0,0,0,0,0,0,0,0,0,0,0,0,0
191,NW_022145597.1,25090002,['not_annot'],[nan],1,,,0.0,0,0,0,0,0,0,0,0,0,0,0,0,0,0,0
192,NW_022145597.1,25090381,['not_annot'],[nan],1,,,0.0,0,0,0,0,0,0,0,0,0,0,0,0,0,0,0
193,NW_022145597.1,25090382,['not_annot'],[nan],1,,,0.0,0,0,0,0,0,0,0,0,0,0,0,0,0,0,0
194,NW_022145597.1,25090385,['not_annot'],[nan],1,,,0.0,0,0,0,0,0,0,0,0,0,0,0,0,0,0,0
195,NW_022145597.1,25095252,['not_annot'],[nan],1,,,0.0,0,0,0,0,0,0,0,0,0,0,0,0,0,0,0
197,NW_022145597.1,25972863,['not_annot'],[nan],1,,,0.0,0,0,0,0,0,0,0,0,0,0,0,0,0,0,0
198,NW_022145597.1,26884048,['not_annot'],[nan],1,,,0.0,0,0,0,0,0,0,0,0,0,0,0,0,0,0,0
199,NW_022145597.1,28792682,['not_annot'],[nan],1,,,0.0,0,0,0,0,0,0,0,0,0,0,0,0,0,0,0
201,NW_022145597.1,31920037,['not_annot'],[nan],1,,,0.0,0,0,0,0,0,0,0,0,0,0,0,0,0,0,0
204,NW_022145597.1,33856105,['not_annot'],[nan],1,,,0.0,0,0,0,0,0,0,0,0,0,0,0,0,0,0,0
207,NW_022145598.1,747443,['not_annot'],[nan],1,,,0.0,0,0,0,0,0,0,0,0,0,0,0,0,0,0,0
208,NW_022145598.1,747537,['not_annot'],[nan],1,,,0.0,0,0,0,0,0,0,0,0,0,0,0,0,0,0,0
209,NW_022145598.1,747606,['not_annot'],[nan],1,,,0.0,0,0,0,0,0,0,0,0,0,0,0,0,0,0,0
210,NW_022145598.1,747980,['not_annot'],[nan],1,,,0.0,0,0,0,0,0,0,0,0,0,0,0,0,0,0,0
215,NW_022145598.1,3216210,['not_annot'],[nan],1,,,0.0,0,0,0,0,0,0,0,0,0,0,0,0,0,0,0
216,NW_022145598.1,3273176,['not_annot'],[nan],1,,,0.0,0,0,0,0,0,0,0,0,0,0,0,0,0,0,0
218,NW_022145598.1,4723484,['not_annot'],[nan],1,,,0.0,0,0,0,0,0,0,0,0,0,0,0,0,0,0,0
219,NW_022145598.1,4981644,['not_annot'],[nan],1,,,0.0,0,0,0,0,0,0,0,0,0,0,0,0,0,0,0
220,NW_022145598.1,4982032,['not_annot'],[nan],1,,,0.0,0,0,0,0,0,0,0,0,0,0,0,0,0,0,0
221,NW_022145598.1,4982095,['not_annot'],[nan],1,,,0.0,0,0,0,0,0,0,0,0,0,0,0,0,0,0,0
223,NW_022145598.1,8267281,['not_annot'],[nan],1,,,0.0,0,0,0,0,0,0,0,0,0,0,0,0,0,0,0
224,NW_022145598.1,8420248,['not_annot'],[nan],1,,,0.0,0,0,0,0,0,0,0,0,0,0,0,0,0,0,0
225,NW_022145598.1,8420262,['not_annot'],[nan],1,,,0.0,0,0,0,0,0,0,0,0,0,0,0,0,0,0,0
228,NW_022145598.1,14544249,['not_annot'],[nan],1,,,0.0,0,0,0,0,0,0,0,0,0,0,0,0,0,0,0
229,NW_022145598.1,14544491,['not_annot'],[nan],1,,,0.0,0,0,0,0,0,0,0,0,0,0,0,0,0,0,0
230,NW_022145598.1,14604934,['not_annot'],[nan],1,,,0.0,0,0,0,0,0,0,0,0,0,0,0,0,0,0,0
231,NW_022145598.1,19306191,['not_annot'],[nan],1,,,0.0,0,0,0,0,0,0,0,0,0,0,0,0,0,0,0
235,NW_022145598.1,23914840,['not_annot'],[nan],1,,,0.0,0,0,0,0,0,0,0,0,0,0,0,0,0,0,0
237,NW_022145598.1,26830543,['not_annot'],[nan],1,,,0.0,0,0,0,0,0,0,0,0,0,0,0,0,0,0,0
238,NW_022145598.1,26969815,['not_annot'],[nan],1,,,0.0,0,0,0,0,0,0,0,0,0,0,0,0,0,0,0
239,NW_022145598.1,26983651,['not_annot'],[nan],1,,,0.0,0,0,0,0,0,0,0,0,0,0,0,0,0,0,0
252,NW_022145599.1,383093,['not_annot'],[nan],1,,,0.0,0,0,0,0,0,0,0,0,0,0,0,0,0,0,0
253,NW_022145599.1,383099,['not_annot'],[nan],1,,,0.0,0,0,0,0,0,0,0,0,0,0,0,0,0,0,0
254,NW_022145599.1,383562,['not_annot'],[nan],1,,,0.0,0,0,0,0,0,0,0,0,0,0,0,0,0,0,0
255,NW_022145599.1,383630,['not_annot'],[nan],1,,,0.0,0,0,0,0,0,0,0,0,0,0,0,0,0,0,0
269,NW_022145599.1,1758654,['not_annot'],[nan],1,,,0.0,0,0,0,0,0,0,0,0,0,0,0,0,0,0,0
271,NW_022145599.1,2295091,['not_annot'],[nan],1,,,0.0,0,0,0,0,0,0,0,0,0,0,0,0,0,0,0
275,NW_022145599.1,2676184,['not_annot'],[nan],1,,,0.0,0,0,0,0,0,0,0,0,0,0,0,0,0,0,0
280,NW_022145599.1,4893244,['not_annot'],[nan],1,,,0.0,0,0,0,0,0,0,0,0,0,0,0,0,0,0,0
281,NW_022145599.1,4914312,['not_annot'],[nan],1,,,0.0,0,0,0,0,0,0,0,0,0,0,0,0,0,0,0
282,NW_022145599.1,5309420,['not_annot'],[nan],1,,,0.0,0,0,0,0,0,0,0,0,0,0,0,0,0,0,0
283,NW_022145599.1,6697977,['not_annot'],[nan],1,,,0.0,0,0,0,0,0,0,0,0,0,0,0,0,0,0,0
287,NW_022145599.1,11324480,['not_annot'],[nan],1,,,0.0,0,0,0,0,0,0,0,0,0,0,0,0,0,0,0
288,NW_022145599.1,11324501,['not_annot'],[nan],1,,,0.0,0,0,0,0,0,0,0,0,0,0,0,0,0,0,0
290,NW_022145599.1,12494706,['not_annot'],[nan],1,,,0.0,0,0,0,0,0,0,0,0,0,0,0,0,0,0,0
299,NW_022145599.1,22054936,['not_annot'],[nan],1,,,0.0,0,0,0,0,0,0,0,0,0,0,0,0,0,0,0
300,NW_022145599.1,22055191,['not_annot'],[nan],1,,,0.0,0,0,0,0,0,0,0,0,0,0,0,0,0,0,0
310,NW_022145599.1,22543991,['not_annot'],[nan],1,,,0.0,0,0,0,0,0,0,0,0,0,0,0,0,0,0,0
311,NW_022145599.1,22544314,['not_annot'],[nan],1,,,0.0,0,0,0,0,0,0,0,0,0,0,0,0,0,0,0
312,NW_022145599.1,22545245,['not_annot'],[nan],1,,,0.0,0,0,0,0,0,0,0,0,0,0,0,0,0,0,0
317,NW_022145599.1,25471870,['not_annot'],[nan],1,,,0.0,0,0,0,0,0,0,0,0,0,0,0,0,0,0,0
318,NW_022145599.1,27230810,['not_annot'],[nan],1,,,0.0,0,0,0,0,0,0,0,0,0,0,0,0,0,0,0
319,NW_022145599.1,27231210,['not_annot'],[nan],1,,,0.0,0,0,0,0,0,0,0,0,0,0,0,0,0,0,0
349,NW_022145599.1,30120540,['not_annot'],[nan],1,,,0.0,0,0,0,0,0,0,0,0,0,0,0,0,0,0,0
351,NW_022145599.1,30297566,['not_annot'],[nan],1,,,0.0,0,0,0,0,0,0,0,0,0,0,0,0,0,0,0
352,NW_022145599.1,30328543,['not_annot'],[nan],1,,,0.0,0,0,0,0,0,0,0,0,0,0,0,0,0,0,0
353,NW_022145599.1,30328556,['not_annot'],[nan],1,,,0.0,0,0,0,0,0,0,0,0,0,0,0,0,0,0,0
354,NW_022145599.1,30328562,['not_annot'],[nan],1,,,0.0,0,0,0,0,0,0,0,0,0,0,0,0,0,0,0
360,NW_022145600.1,807174,['not_annot'],[nan],1,,,0.0,0,0,0,0,0,0,0,0,0,0,0,0,0,0,0
367,NW_022145600.1,1916276,['not_annot'],[nan],1,,,0.0,0,0,0,0,0,0,0,0,0,0,0,0,0,0,0
368,NW_022145600.1,1916857,['not_annot'],[nan],1,,,0.0,0,0,0,0,0,0,0,0,0,0,0,0,0,0,0
369,NW_022145600.1,1916889,['not_annot'],[nan],1,,,0.0,0,0,0,0,0,0,0,0,0,0,0,0,0,0,0
370,NW_022145600.1,1924481,['not_annot'],[nan],1,,,0.0,0,0,0,0,0,0,0,0,0,0,0,0,0,0,0
371,NW_022145600.1,1924749,['not_annot'],[nan],1,,,0.0,0,0,0,0,0,0,0,0,0,0,0,0,0,0,0
372,NW_022145600.1,1924936,['not_annot'],[nan],1,,,0.0,0,0,0,0,0,0,0,0,0,0,0,0,0,0,0
373,NW_022145600.1,1925096,['not_annot'],[nan],1,,,0.0,0,0,0,0,0,0,0,0,0,0,0,0,0,0,0
374,NW_022145600.1,1925184,['not_annot'],[nan],1,,,0.0,0,0,0,0,0,0,0,0,0,0,0,0,0,0,0
379,NW_022145600.1,4369163,['not_annot'],[nan],1,,,0.0,0,0,0,0,0,0,0,0,0,0,0,0,0,0,0
380,NW_022145600.1,5499512,['not_annot'],[nan],1,,,0.0,0,0,0,0,0,0,0,0,0,0,0,0,0,0,0
382,NW_022145600.1,6423674,['not_annot'],[nan],1,,,0.0,0,0,0,0,0,0,0,0,0,0,0,0,0,0,0
383,NW_022145600.1,6769674,['not_annot'],[nan],1,,,0.0,0,0,0,0,0,0,0,0,0,0,0,0,0,0,0
384,NW_022145600.1,6769693,['not_annot'],[nan],1,,,0.0,0,0,0,0,0,0,0,0,0,0,0,0,0,0,0
385,NW_022145600.1,7875001,['not_annot'],[nan],1,,,0.0,0,0,0,0,0,0,0,0,0,0,0,0,0,0,0
389,NW_022145600.1,11458960,['not_annot'],[nan],1,,,0.0,0,0,0,0,0,0,0,0,0,0,0,0,0,0,0
390,NW_022145600.1,11481820,['not_annot'],[nan],1,,,0.0,0,0,0,0,0,0,0,0,0,0,0,0,0,0,0
392,NW_022145600.1,15756098,['not_annot'],[nan],1,,,0.0,0,0,0,0,0,0,0,0,0,0,0,0,0,0,0
393,NW_022145600.1,15790851,['not_annot'],[nan],1,,,0.0,0,0,0,0,0,0,0,0,0,0,0,0,0,0,0
395,NW_022145600.1,17843920,['not_annot'],[nan],1,,,0.0,0,0,0,0,0,0,0,0,0,0,0,0,0,0,0
396,NW_022145600.1,18642769,['not_annot'],[nan],1,,,0.0,0,0,0,0,0,0,0,0,0,0,0,0,0,0,0
398,NW_022145600.1,18723511,['not_annot'],[nan],1,,,0.0,0,0,0,0,0,0,0,0,0,0,0,0,0,0,0
403,NW_022145600.1,18845290,['not_annot'],[nan],1,,,0.0,0,0,0,0,0,0,0,0,0,0,0,0,0,0,0
408,NW_022145600.1,26546024,['not_annot'],[nan],1,,,0.0,0,0,0,0,0,0,0,0,0,0,0,0,0,0,0
411,NW_022145600.1,33782688,['not_annot'],[nan],1,,,0.0,0,0,0,0,0,0,0,0,0,0,0,0,0,0,0
413,NW_022145600.1,36371066,['not_annot'],[nan],1,,,0.0,0,0,0,0,0,0,0,0,0,0,0,0,0,0,0
414,NW_022145600.1,36722961,['not_annot'],[nan],1,,,0.0,0,0,0,0,0,0,0,0,0,0,0,0,0,0,0
415,NW_022145600.1,37149719,['not_annot'],[nan],1,,,0.0,0,0,0,0,0,0,0,0,0,0,0,0,0,0,0
416,NW_022145601.1,4255,['not_annot'],[nan],1,,,0.0,0,0,0,0,0,0,0,0,0,0,0,0,0,0,0
418,NW_022145601.1,59017,['not_annot'],[nan],1,,,0.0,0,0,0,0,0,0,0,0,0,0,0,0,0,0,0
420,NW_022145601.1,72426,['not_annot'],[nan],1,,,0.0,0,0,0,0,0,0,0,0,0,0,0,0,0,0,0
421,NW_022145601.1,72454,['not_annot'],[nan],1,,,0.0,0,0,0,0,0,0,0,0,0,0,0,0,0,0,0
422,NW_022145601.1,447815,['not_annot'],[nan],1,,,0.0,0,0,0,0,0,0,0,0,0,0,0,0,0,0,0
425,NW_022145601.1,2731163,['not_annot'],[nan],1,,,0.0,0,0,0,0,0,0,0,0,0,0,0,0,0,0,0
429,NW_022145601.1,5961051,['not_annot'],[nan],1,,,0.0,0,0,0,0,0,0,0,0,0,0,0,0,0,0,0
432,NW_022145601.1,15669098,['not_annot'],[nan],1,,,0.0,0,0,0,0,0,0,0,0,0,0,0,0,0,0,0
433,NW_022145601.1,16990762,['not_annot'],[nan],1,,,0.0,0,0,0,0,0,0,0,0,0,0,0,0,0,0,0
434,NW_022145601.1,20109609,['not_annot'],[nan],1,,,0.0,0,0,0,0,0,0,0,0,0,0,0,0,0,0,0
435,NW_022145601.1,20277080,['not_annot'],[nan],1,,,0.0,0,0,0,0,0,0,0,0,0,0,0,0,0,0,0
446,NW_022145601.1,23910673,['not_annot'],[nan],1,,,0.0,0,0,0,0,0,0,0,0,0,0,0,0,0,0,0
447,NW_022145601.1,23910677,['not_annot'],[nan],1,,,0.0,0,0,0,0,0,0,0,0,0,0,0,0,0,0,0
452,NW_022145601.1,30150440,['not_annot'],[nan],1,,,0.0,0,0,0,0,0,0,0,0,0,0,0,0,0,0,0
454,NW_022145601.1,31407858,['not_annot'],[nan],1,,,0.0,0,0,0,0,0,0,0,0,0,0,0,0,0,0,0
455,NW_022145601.1,31412729,['not_annot'],[nan],1,,,0.0,0,0,0,0,0,0,0,0,0,0,0,0,0,0,0
457,NW_022145601.1,32544902,['not_annot'],[nan],1,,,0.0,0,0,0,0,0,0,0,0,0,0,0,0,0,0,0
458,NW_022145601.1,32545186,['not_annot'],[nan],1,,,0.0,0,0,0,0,0,0,0,0,0,0,0,0,0,0,0
466,NW_022145602.1,9830166,['not_annot'],[nan],1,,,0.0,0,0,0,0,0,0,0,0,0,0,0,0,0,0,0
470,NW_022145602.1,17369310,['not_annot'],[nan],1,,,0.0,0,0,0,0,0,0,0,0,0,0,0,0,0,0,0
475,NW_022145602.1,26919449,['not_annot'],[nan],1,,,0.0,0,0,0,0,0,0,0,0,0,0,0,0,0,0,0
476,NW_022145602.1,26935567,['not_annot'],[nan],1,,,0.0,0,0,0,0,0,0,0,0,0,0,0,0,0,0,0
479,NW_022145603.1,2609847,['not_annot'],[nan],1,,,0.0,0,0,0,0,0,0,0,0,0,0,0,0,0,0,0
481,NW_022145603.1,2653343,['not_annot'],[nan],1,,,0.0,0,0,0,0,0,0,0,0,0,0,0,0,0,0,0
482,NW_022145603.1,2852217,['not_annot'],[nan],1,,,0.0,0,0,0,0,0,0,0,0,0,0,0,0,0,0,0
483,NW_022145603.1,3061569,['not_annot'],[nan],1,,,0.0,0,0,0,0,0,0,0,0,0,0,0,0,0,0,0
484,NW_022145603.1,3393595,['not_annot'],[nan],1,,,0.0,0,0,0,0,0,0,0,0,0,0,0,0,0,0,0
485,NW_022145603.1,3840798,['not_annot'],[nan],1,,,0.0,0,0,0,0,0,0,0,0,0,0,0,0,0,0,0
488,NW_022145603.1,6896765,['not_annot'],[nan],1,,,0.0,0,0,0,0,0,0,0,0,0,0,0,0,0,0,0
497,NW_022145603.1,9173149,['not_annot'],[nan],1,,,0.0,0,0,0,0,0,0,0,0,0,0,0,0,0,0,0
501,NW_022145603.1,12100904,['not_annot'],[nan],1,,,0.0,0,0,0,0,0,0,0,0,0,0,0,0,0,0,0
502,NW_022145603.1,12100941,['not_annot'],[nan],1,,,0.0,0,0,0,0,0,0,0,0,0,0,0,0,0,0,0
503,NW_022145603.1,14518530,['not_annot'],[nan],1,,,0.0,0,0,0,0,0,0,0,0,0,0,0,0,0,0,0
505,NW_022145603.1,15792401,['not_annot'],[nan],1,,,0.0,0,0,0,0,0,0,0,0,0,0,0,0,0,0,0
508,NW_022145603.1,25257073,['not_annot'],[nan],1,,,0.0,0,0,0,0,0,0,0,0,0,0,0,0,0,0,0
509,NW_022145603.1,25480526,['not_annot'],[nan],1,,,0.0,0,0,0,0,0,0,0,0,0,0,0,0,0,0,0
519,NW_022145603.1,29977238,['not_annot'],[nan],1,,,0.0,0,0,0,0,0,0,0,0,0,0,0,0,0,0,0
521,NW_022145603.1,30186061,['not_annot'],[nan],1,,,0.0,0,0,0,0,0,0,0,0,0,0,0,0,0,0,0
523,NW_022145604.1,3584642,['not_annot'],[nan],1,,,0.0,0,0,0,0,0,0,0,0,0,0,0,0,0,0,0
524,NW_022145604.1,3584646,['not_annot'],[nan],1,,,0.0,0,0,0,0,0,0,0,0,0,0,0,0,0,0,0
525,NW_022145604.1,3584651,['not_annot'],[nan],1,,,0.0,0,0,0,0,0,0,0,0,0,0,0,0,0,0,0
526,NW_022145604.1,4879145,['not_annot'],[nan],1,,,0.0,0,0,0,0,0,0,0,0,0,0,0,0,0,0,0
527,NW_022145604.1,5023028,['not_annot'],[nan],1,,,0.0,0,0,0,0,0,0,0,0,0,0,0,0,0,0,0
538,NW_022145604.1,11605000,['not_annot'],[nan],1,,,0.0,0,0,0,0,0,0,0,0,0,0,0,0,0,0,0
542,NW_022145604.1,13200008,['not_annot'],[nan],1,,,0.0,0,0,0,0,0,0,0,0,0,0,0,0,0,0,0
543,NW_022145604.1,13219979,['not_annot'],[nan],1,,,0.0,0,0,0,0,0,0,0,0,0,0,0,0,0,0,0
544,NW_022145604.1,13221183,['not_annot'],[nan],1,,,0.0,0,0,0,0,0,0,0,0,0,0,0,0,0,0,0
545,NW_022145604.1,13221399,['not_annot'],[nan],1,,,0.0,0,0,0,0,0,0,0,0,0,0,0,0,0,0,0
546,NW_022145604.1,18847440,['not_annot'],[nan],1,,,0.0,0,0,0,0,0,0,0,0,0,0,0,0,0,0,0
547,NW_022145604.1,18858132,['not_annot'],[nan],1,,,0.0,0,0,0,0,0,0,0,0,0,0,0,0,0,0,0
548,NW_022145604.1,18916528,['not_annot'],[nan],1,,,0.0,0,0,0,0,0,0,0,0,0,0,0,0,0,0,0
554,NW_022145604.1,26027008,['not_annot'],[nan],1,,,0.0,0,0,0,0,0,0,0,0,0,0,0,0,0,0,0
557,NW_022145604.1,27256826,['not_annot'],[nan],1,,,0.0,0,0,0,0,0,0,0,0,0,0,0,0,0,0,0
558,NW_022145604.1,27350756,['not_annot'],[nan],1,,,0.0,0,0,0,0,0,0,0,0,0,0,0,0,0,0,0
559,NW_022145604.1,27350759,['not_annot'],[nan],1,,,0.0,0,0,0,0,0,0,0,0,0,0,0,0,0,0,0
561,NW_022145604.1,28977694,['not_annot'],[nan],1,,,0.0,0,0,0,0,0,0,0,0,0,0,0,0,0,0,0
564,NW_022145604.1,29394262,['not_annot'],[nan],1,,,0.0,0,0,0,0,0,0,0,0,0,0,0,0,0,0,0
567,NW_022145605.1,656701,['not_annot'],[nan],1,,,0.0,0,0,0,0,0,0,0,0,0,0,0,0,0,0,0
568,NW_022145605.1,656712,['not_annot'],[nan],1,,,0.0,0,0,0,0,0,0,0,0,0,0,0,0,0,0,0
569,NW_022145605.1,656718,['not_annot'],[nan],1,,,0.0,0,0,0,0,0,0,0,0,0,0,0,0,0,0,0
574,NW_022145605.1,1082334,['not_annot'],[nan],1,,,0.0,0,0,0,0,0,0,0,0,0,0,0,0,0,0,0
578,NW_022145605.1,3359692,['not_annot'],[nan],1,,,0.0,0,0,0,0,0,0,0,0,0,0,0,0,0,0,0
579,NW_022145605.1,3496630,['not_annot'],[nan],1,,,0.0,0,0,0,0,0,0,0,0,0,0,0,0,0,0,0
580,NW_022145605.1,3708902,['not_annot'],[nan],1,,,0.0,0,0,0,0,0,0,0,0,0,0,0,0,0,0,0
581,NW_022145605.1,4199306,['not_annot'],[nan],1,,,0.0,0,0,0,0,0,0,0,0,0,0,0,0,0,0,0
583,NW_022145605.1,6706825,['not_annot'],[nan],1,,,0.0,0,0,0,0,0,0,0,0,0,0,0,0,0,0,0
588,NW_022145605.1,15262619,['not_annot'],[nan],1,,,0.0,0,0,0,0,0,0,0,0,0,0,0,0,0,0,0
589,NW_022145605.1,15992428,['not_annot'],[nan],1,,,0.0,0,0,0,0,0,0,0,0,0,0,0,0,0,0,0
593,NW_022145605.1,16200594,['not_annot'],[nan],1,,,0.0,0,0,0,0,0,0,0,0,0,0,0,0,0,0,0
595,NW_022145605.1,18287639,['not_annot'],[nan],1,,,0.0,0,0,0,0,0,0,0,0,0,0,0,0,0,0,0
605,NW_022145605.1,26228506,['not_annot'],[nan],1,,,0.0,0,0,0,0,0,0,0,0,0,0,0,0,0,0,0
609,NW_022145605.1,34887851,['not_annot'],[nan],1,,,0.0,0,0,0,0,0,0,0,0,0,0,0,0,0,0,0
610,NW_022145605.1,34929328,['not_annot'],[nan],1,,,0.0,0,0,0,0,0,0,0,0,0,0,0,0,0,0,0
612,NW_022145605.1,35675107,['not_annot'],[nan],1,,,0.0,0,0,0,0,0,0,0,0,0,0,0,0,0,0,0
616,NW_022145605.1,37940606,['not_annot'],[nan],1,,,0.0,0,0,0,0,0,0,0,0,0,0,0,0,0,0,0
617,NW_022145605.1,38035185,['not_annot'],[nan],1,,,0.0,0,0,0,0,0,0,0,0,0,0,0,0,0,0,0
618,NW_022145605.1,38062908,['not_annot'],[nan],1,,,0.0,0,0,0,0,0,0,0,0,0,0,0,0,0,0,0
620,NW_022145605.1,39158513,['not_annot'],[nan],1,,,0.0,0,0,0,0,0,0,0,0,0,0,0,0,0,0,0
621,NW_022145605.1,39158571,['not_annot'],[nan],1,,,0.0,0,0,0,0,0,0,0,0,0,0,0,0,0,0,0
622,NW_022145605.1,39158849,['not_annot'],[nan],1,,,0.0,0,0,0,0,0,0,0,0,0,0,0,0,0,0,0
624,NW_022145605.1,40055530,['not_annot'],[nan],1,,,0.0,0,0,0,0,0,0,0,0,0,0,0,0,0,0,0
625,NW_022145605.1,40059130,['not_annot'],[nan],1,,,0.0,0,0,0,0,0,0,0,0,0,0,0,0,0,0,0
626,NW_022145606.1,6651254,['not_annot'],[nan],1,,,0.0,0,0,0,0,0,0,0,0,0,0,0,0,0,0,0
629,NW_022145606.1,8046621,['not_annot'],[nan],1,,,0.0,0,0,0,0,0,0,0,0,0,0,0,0,0,0,0
637,NW_022145606.1,8253408,['not_annot'],[nan],1,,,0.0,0,0,0,0,0,0,0,0,0,0,0,0,0,0,0
638,NW_022145606.1,8254077,['not_annot'],[nan],1,,,0.0,0,0,0,0,0,0,0,0,0,0,0,0,0,0,0
639,NW_022145606.1,8254532,['not_annot'],[nan],1,,,0.0,0,0,0,0,0,0,0,0,0,0,0,0,0,0,0
640,NW_022145606.1,8254935,['not_annot'],[nan],1,,,0.0,0,0,0,0,0,0,0,0,0,0,0,0,0,0,0
641,NW_022145606.1,8255378,['not_annot'],[nan],1,,,0.0,0,0,0,0,0,0,0,0,0,0,0,0,0,0,0
642,NW_022145606.1,8259165,['not_annot'],[nan],1,,,0.0,0,0,0,0,0,0,0,0,0,0,0,0,0,0,0
643,NW_022145606.1,8259807,['not_annot'],[nan],1,,,0.0,0,0,0,0,0,0,0,0,0,0,0,0,0,0,0
644,NW_022145606.1,8264912,['not_annot'],[nan],1,,,0.0,0,0,0,0,0,0,0,0,0,0,0,0,0,0,0
649,NW_022145606.1,16700340,['not_annot'],[nan],1,,,0.0,0,0,0,0,0,0,0,0,0,0,0,0,0,0,0
650,NW_022145606.1,17002641,['not_annot'],[nan],1,,,0.0,0,0,0,0,0,0,0,0,0,0,0,0,0,0,0
653,NW_022145606.1,18202402,['not_annot'],[nan],1,,,0.0,0,0,0,0,0,0,0,0,0,0,0,0,0,0,0
655,NW_022145606.1,36337244,['not_annot'],[nan],1,,,0.0,0,0,0,0,0,0,0,0,0,0,0,0,0,0,0
657,NW_022145606.1,42432866,['not_annot'],[nan],1,,,0.0,0,0,0,0,0,0,0,0,0,0,0,0,0,0,0
665,NW_022145606.1,51447029,['not_annot'],[nan],1,,,0.0,0,0,0,0,0,0,0,0,0,0,0,0,0,0,0
666,NW_022145606.1,51466330,['not_annot'],[nan],1,,,0.0,0,0,0,0,0,0,0,0,0,0,0,0,0,0,0
667,NW_022145606.1,51466355,['not_annot'],[nan],1,,,0.0,0,0,0,0,0,0,0,0,0,0,0,0,0,0,0
668,NW_022145606.1,51466408,['not_annot'],[nan],1,,,0.0,0,0,0,0,0,0,0,0,0,0,0,0,0,0,0
669,NW_022145606.1,51508131,['not_annot'],[nan],1,,,0.0,0,0,0,0,0,0,0,0,0,0,0,0,0,0,0
674,NW_022145606.1,52407792,['not_annot'],[nan],1,,,0.0,0,0,0,0,0,0,0,0,0,0,0,0,0,0,0
677,NW_022145607.1,4341554,['not_annot'],[nan],1,,,0.0,0,0,0,0,0,0,0,0,0,0,0,0,0,0,0
679,NW_022145607.1,5014368,['not_annot'],[nan],1,,,0.0,0,0,0,0,0,0,0,0,0,0,0,0,0,0,0
680,NW_022145607.1,5075502,['not_annot'],[nan],1,,,0.0,0,0,0,0,0,0,0,0,0,0,0,0,0,0,0
681,NW_022145607.1,5075503,['not_annot'],[nan],1,,,0.0,0,0,0,0,0,0,0,0,0,0,0,0,0,0,0
683,NW_022145607.1,5228965,['not_annot'],[nan],1,,,0.0,0,0,0,0,0,0,0,0,0,0,0,0,0,0,0
684,NW_022145607.1,5401859,['not_annot'],[nan],1,,,0.0,0,0,0,0,0,0,0,0,0,0,0,0,0,0,0
685,NW_022145607.1,5430301,['not_annot'],[nan],1,,,0.0,0,0,0,0,0,0,0,0,0,0,0,0,0,0,0
687,NW_022145607.1,13953404,['not_annot'],[nan],1,,,0.0,0,0,0,0,0,0,0,0,0,0,0,0,0,0,0
688,NW_022145607.1,13953480,['not_annot'],[nan],1,,,0.0,0,0,0,0,0,0,0,0,0,0,0,0,0,0,0
689,NW_022145607.1,15996849,['not_annot'],[nan],1,,,0.0,0,0,0,0,0,0,0,0,0,0,0,0,0,0,0
690,NW_022145607.1,16016823,['not_annot'],[nan],1,,,0.0,0,0,0,0,0,0,0,0,0,0,0,0,0,0,0
691,NW_022145607.1,16019660,['not_annot'],[nan],1,,,0.0,0,0,0,0,0,0,0,0,0,0,0,0,0,0,0
692,NW_022145607.1,18393162,['not_annot'],[nan],1,,,0.0,0,0,0,0,0,0,0,0,0,0,0,0,0,0,0
697,NW_022145607.1,20632593,['not_annot'],[nan],1,,,0.0,0,0,0,0,0,0,0,0,0,0,0,0,0,0,0
699,NW_022145607.1,23093766,['not_annot'],[nan],1,,,0.0,0,0,0,0,0,0,0,0,0,0,0,0,0,0,0
703,NW_022145607.1,31388920,['not_annot'],[nan],1,,,0.0,0,0,0,0,0,0,0,0,0,0,0,0,0,0,0
704,NW_022145607.1,31389178,['not_annot'],[nan],1,,,0.0,0,0,0,0,0,0,0,0,0,0,0,0,0,0,0
705,NW_022145607.1,31426122,['not_annot'],[nan],1,,,0.0,0,0,0,0,0,0,0,0,0,0,0,0,0,0,0
706,NW_022145607.1,32611425,['not_annot'],[nan],1,,,0.0,0,0,0,0,0,0,0,0,0,0,0,0,0,0,0
712,NW_022145607.1,37638968,['not_annot'],[nan],1,,,0.0,0,0,0,0,0,0,0,0,0,0,0,0,0,0,0
714,NW_022145607.1,39598584,['not_annot'],[nan],1,,,0.0,0,0,0,0,0,0,0,0,0,0,0,0,0,0,0
716,NW_022145607.1,40970330,['not_annot'],[nan],1,,,0.0,0,0,0,0,0,0,0,0,0,0,0,0,0,0,0
717,NW_022145607.1,40972095,['not_annot'],[nan],1,,,0.0,0,0,0,0,0,0,0,0,0,0,0,0,0,0,0
718,NW_022145607.1,40983624,['not_annot'],[nan],1,,,0.0,0,0,0,0,0,0,0,0,0,0,0,0,0,0,0
719,NW_022145607.1,42483153,['not_annot'],[nan],1,,,0.0,0,0,0,0,0,0,0,0,0,0,0,0,0,0,0
720,NW_022145607.1,42483201,['not_annot'],[nan],1,,,0.0,0,0,0,0,0,0,0,0,0,0,0,0,0,0,0
721,NW_022145607.1,42483207,['not_annot'],[nan],1,,,0.0,0,0,0,0,0,0,0,0,0,0,0,0,0,0,0
722,NW_022145607.1,42483599,['not_annot'],[nan],1,,,0.0,0,0,0,0,0,0,0,0,0,0,0,0,0,0,0
749,NW_022145609.1,5650475,['not_annot'],[nan],1,,,0.0,0,0,0,0,0,0,0,0,0,0,0,0,0,0,0
750,NW_022145609.1,5650532,['not_annot'],[nan],1,,,0.0,0,0,0,0,0,0,0,0,0,0,0,0,0,0,0
751,NW_022145609.1,5651127,['not_annot'],[nan],1,,,0.0,0,0,0,0,0,0,0,0,0,0,0,0,0,0,0
752,NW_022145609.1,5651667,['not_annot'],[nan],1,,,0.0,0,0,0,0,0,0,0,0,0,0,0,0,0,0,0
753,NW_022145609.1,5651782,['not_annot'],[nan],1,,,0.0,0,0,0,0,0,0,0,0,0,0,0,0,0,0,0
765,NW_022145609.1,12134423,['not_annot'],[nan],1,,,0.0,0,0,0,0,0,0,0,0,0,0,0,0,0,0,0
768,NW_022145609.1,19862396,['not_annot'],[nan],1,,,0.0,0,0,0,0,0,0,0,0,0,0,0,0,0,0,0
786,NW_022145609.1,33893863,['not_annot'],[nan],1,,,0.0,0,0,0,0,0,0,0,0,0,0,0,0,0,0,0
799,NW_022145609.1,35181367,['not_annot'],[nan],1,,,0.0,0,0,0,0,0,0,0,0,0,0,0,0,0,0,0
826,NW_022145610.1,27208802,['not_annot'],[nan],1,,,0.0,0,0,0,0,0,0,0,0,0,0,0,0,0,0,0
827,NW_022145610.1,27209185,['not_annot'],[nan],1,,,0.0,0,0,0,0,0,0,0,0,0,0,0,0,0,0,0
832,NW_022145610.1,27700241,['not_annot'],[nan],1,,,0.0,0,0,0,0,0,0,0,0,0,0,0,0,0,0,0
833,NW_022145610.1,31099210,['not_annot'],[nan],1,,,0.0,0,0,0,0,0,0,0,0,0,0,0,0,0,0,0
834,NW_022145610.1,31293044,['not_annot'],[nan],1,,,0.0,0,0,0,0,0,0,0,0,0,0,0,0,0,0,0
846,NW_022145611.1,1408640,['not_annot'],[nan],1,,,0.0,0,0,0,0,0,0,0,0,0,0,0,0,0,0,0
847,NW_022145611.1,1831616,['not_annot'],[nan],1,,,0.0,0,0,0,0,0,0,0,0,0,0,0,0,0,0,0
850,NW_022145611.1,2079132,['not_annot'],[nan],1,,,0.0,0,0,0,0,0,0,0,0,0,0,0,0,0,0,0
851,NW_022145611.1,2079345,['not_annot'],[nan],1,,,0.0,0,0,0,0,0,0,0,0,0,0,0,0,0,0,0
858,NW_022145611.1,2322162,['not_annot'],[nan],1,,,0.0,0,0,0,0,0,0,0,0,0,0,0,0,0,0,0
859,NW_022145611.1,3341521,['not_annot'],[nan],1,,,0.0,0,0,0,0,0,0,0,0,0,0,0,0,0,0,0
864,NW_022145611.1,8769498,['not_annot'],[nan],1,,,0.0,0,0,0,0,0,0,0,0,0,0,0,0,0,0,0
870,NW_022145611.1,15276815,['not_annot'],[nan],1,,,0.0,0,0,0,0,0,0,0,0,0,0,0,0,0,0,0
871,NW_022145611.1,15290685,['not_annot'],[nan],1,,,0.0,0,0,0,0,0,0,0,0,0,0,0,0,0,0,0
875,NW_022145611.1,15552832,['not_annot'],[nan],1,,,0.0,0,0,0,0,0,0,0,0,0,0,0,0,0,0,0
876,NW_022145611.1,15696730,['not_annot'],[nan],1,,,0.0,0,0,0,0,0,0,0,0,0,0,0,0,0,0,0
877,NW_022145611.1,15696781,['not_annot'],[nan],1,,,0.0,0,0,0,0,0,0,0,0,0,0,0,0,0,0,0
879,NW_022145611.1,17676765,['not_annot'],[nan],1,,,0.0,0,0,0,0,0,0,0,0,0,0,0,0,0,0,0
880,NW_022145611.1,17676767,['not_annot'],[nan],1,,,0.0,0,0,0,0,0,0,0,0,0,0,0,0,0,0,0
883,NW_022145611.1,18009332,['not_annot'],[nan],1,,,0.0,0,0,0,0,0,0,0,0,0,0,0,0,0,0,0
884,NW_022145611.1,18422240,['not_annot'],[nan],1,,,0.0,0,0,0,0,0,0,0,0,0,0,0,0,0,0,0
885,NW_022145611.1,18436154,['not_annot'],[nan],1,,,0.0,0,0,0,0,0,0,0,0,0,0,0,0,0,0,0
889,NW_022145611.1,23902699,['not_annot'],[nan],1,,,0.0,0,0,0,0,0,0,0,0,0,0,0,0,0,0,0
893,NW_022145611.1,27852374,['not_annot'],[nan],1,,,0.0,0,0,0,0,0,0,0,0,0,0,0,0,0,0,0
897,NW_022145611.1,29296539,['not_annot'],[nan],1,,,0.0,0,0,0,0,0,0,0,0,0,0,0,0,0,0,0
898,NW_022145611.1,30879774,['not_annot'],[nan],1,,,0.0,0,0,0,0,0,0,0,0,0,0,0,0,0,0,0
902,NW_022145611.1,34678978,['not_annot'],[nan],1,,,0.0,0,0,0,0,0,0,0,0,0,0,0,0,0,0,0
903,NW_022145611.1,34714878,['not_annot'],[nan],1,,,0.0,0,0,0,0,0,0,0,0,0,0,0,0,0,0,0
910,NW_022145611.1,41897540,['not_annot'],[nan],1,,,0.0,0,0,0,0,0,0,0,0,0,0,0,0,0,0,0
923,NW_022145612.1,652400,['not_annot'],[nan],1,,,0.0,0,0,0,0,0,0,0,0,0,0,0,0,0,0,0
931,NW_022145612.1,3903639,['not_annot'],[nan],1,,,0.0,0,0,0,0,0,0,0,0,0,0,0,0,0,0,0
932,NW_022145612.1,4257677,['not_annot'],[nan],1,,,0.0,0,0,0,0,0,0,0,0,0,0,0,0,0,0,0
933,NW_022145612.1,4313901,['not_annot'],[nan],1,,,0.0,0,0,0,0,0,0,0,0,0,0,0,0,0,0,0
934,NW_022145612.1,4324616,['not_annot'],[nan],1,,,0.0,0,0,0,0,0,0,0,0,0,0,0,0,0,0,0
948,NW_022145612.1,8544207,['not_annot'],[nan],1,,,0.0,0,0,0,0,0,0,0,0,0,0,0,0,0,0,0
949,NW_022145612.1,8573497,['not_annot'],[nan],1,,,0.0,0,0,0,0,0,0,0,0,0,0,0,0,0,0,0
952,NW_022145612.1,9695367,['not_annot'],[nan],1,,,0.0,0,0,0,0,0,0,0,0,0,0,0,0,0,0,0
953,NW_022145612.1,9709355,['not_annot'],[nan],1,,,0.0,0,0,0,0,0,0,0,0,0,0,0,0,0,0,0
956,NW_022145612.1,10276981,['not_annot'],[nan],1,,,0.0,0,0,0,0,0,0,0,0,0,0,0,0,0,0,0
958,NW_022145612.1,13329887,['not_annot'],[nan],1,,,0.0,0,0,0,0,0,0,0,0,0,0,0,0,0,0,0
959,NW_022145612.1,13329890,['not_annot'],[nan],1,,,0.0,0,0,0,0,0,0,0,0,0,0,0,0,0,0,0
964,NW_022145612.1,17407426,['not_annot'],[nan],1,,,0.0,0,0,0,0,0,0,0,0,0,0,0,0,0,0,0
968,NW_022145612.1,19193236,['not_annot'],[nan],1,,,0.0,0,0,0,0,0,0,0,0,0,0,0,0,0,0,0
970,NW_022145612.1,19678327,['not_annot'],[nan],1,,,0.0,0,0,0,0,0,0,0,0,0,0,0,0,0,0,0
971,NW_022145612.1,19696647,['not_annot'],[nan],1,,,0.0,0,0,0,0,0,0,0,0,0,0,0,0,0,0,0
972,NW_022145612.1,19799077,['not_annot'],[nan],1,,,0.0,0,0,0,0,0,0,0,0,0,0,0,0,0,0,0
973,NW_022145612.1,20046422,['not_annot'],[nan],1,,,0.0,0,0,0,0,0,0,0,0,0,0,0,0,0,0,0
976,NW_022145612.1,20692152,['not_annot'],[nan],1,,,0.0,0,0,0,0,0,0,0,0,0,0,0,0,0,0,0
992,NW_022145612.1,33638643,['not_annot'],[nan],1,,,0.0,0,0,0,0,0,0,0,0,0,0,0,0,0,0,0
999,NW_022145612.1,36146150,['not_annot'],[nan],1,,,0.0,0,0,0,0,0,0,0,0,0,0,0,0,0,0,0
1000,NW_022145612.1,36901177,['not_annot'],[nan],1,,,0.0,0,0,0,0,0,0,0,0,0,0,0,0,0,0,0
1001,NW_022145612.1,37209677,['not_annot'],[nan],1,,,0.0,0,0,0,0,0,0,0,0,0,0,0,0,0,0,0
1005,NW_022145612.1,37873477,['not_annot'],[nan],1,,,0.0,0,0,0,0,0,0,0,0,0,0,0,0,0,0,0
1008,NW_022145612.1,39447062,['not_annot'],[nan],1,,,0.0,0,0,0,0,0,0,0,0,0,0,0,0,0,0,0
1009,NW_022145612.1,39447719,['not_annot'],[nan],1,,,0.0,0,0,0,0,0,0,0,0,0,0,0,0,0,0,0
1011,NW_022145612.1,43045904,['not_annot'],[nan],1,,,0.0,0,0,0,0,0,0,0,0,0,0,0,0,0,0,0
1012,NW_022145612.1,43045942,['not_annot'],[nan],1,,,0.0,0,0,0,0,0,0,0,0,0,0,0,0,0,0,0
1013,NW_022145612.1,43106855,['not_annot'],[nan],1,,,0.0,0,0,0,0,0,0,0,0,0,0,0,0,0,0,0
1016,NW_022145612.1,43354286,['not_annot'],[nan],1,,,0.0,0,0,0,0,0,0,0,0,0,0,0,0,0,0,0
1026,NW_022145612.1,48768083,['not_annot'],[nan],1,,,0.0,0,0,0,0,0,0,0,0,0,0,0,0,0,0,0
1027,NW_022145612.1,48842148,['not_annot'],[nan],1,,,0.0,0,0,0,0,0,0,0,0,0,0,0,0,0,0,0
1031,NW_022145612.1,51804301,['not_annot'],[nan],1,,,0.0,0,0,0,0,0,0,0,0,0,0,0,0,0,0,0
1035,NW_022145612.1,55734880,['not_annot'],[nan],1,,,0.0,0,0,0,0,0,0,0,0,0,0,0,0,0,0,0
1055,NW_022145613.1,3954604,['not_annot'],[nan],1,,,0.0,0,0,0,0,0,0,0,0,0,0,0,0,0,0,0
1056,NW_022145613.1,4010720,['not_annot'],[nan],1,,,0.0,0,0,0,0,0,0,0,0,0,0,0,0,0,0,0
1070,NW_022145613.1,12760875,['not_annot'],[nan],1,,,0.0,0,0,0,0,0,0,0,0,0,0,0,0,0,0,0
1071,NW_022145613.1,12768650,['not_annot'],[nan],1,,,0.0,0,0,0,0,0,0,0,0,0,0,0,0,0,0,0
1072,NW_022145613.1,12770679,['not_annot'],[nan],1,,,0.0,0,0,0,0,0,0,0,0,0,0,0,0,0,0,0
1073,NW_022145613.1,12772154,['not_annot'],[nan],1,,,0.0,0,0,0,0,0,0,0,0,0,0,0,0,0,0,0
1077,NW_022145613.1,12981116,['not_annot'],[nan],1,,,0.0,0,0,0,0,0,0,0,0,0,0,0,0,0,0,0
1078,NW_022145613.1,13138114,['not_annot'],[nan],1,,,0.0,0,0,0,0,0,0,0,0,0,0,0,0,0,0,0
1085,NW_022145613.1,20398789,['not_annot'],[nan],1,,,0.0,0,0,0,0,0,0,0,0,0,0,0,0,0,0,0
1089,NW_022145613.1,23813863,['not_annot'],[nan],1,,,0.0,0,0,0,0,0,0,0,0,0,0,0,0,0,0,0
1097,NW_022145613.1,26313506,['not_annot'],[nan],1,,,0.0,0,0,0,0,0,0,0,0,0,0,0,0,0,0,0
1107,NW_022145613.1,31137492,['not_annot'],[nan],1,,,0.0,0,0,0,0,0,0,0,0,0,0,0,0,0,0,0
1108,NW_022145613.1,31215208,['not_annot'],[nan],1,,,0.0,0,0,0,0,0,0,0,0,0,0,0,0,0,0,0
1109,NW_022145613.1,31733213,['not_annot'],[nan],1,,,0.0,0,0,0,0,0,0,0,0,0,0,0,0,0,0,0
1110,NW_022145613.1,32279498,['not_annot'],[nan],1,,,0.0,0,0,0,0,0,0,0,0,0,0,0,0,0,0,0
1111,NW_022145613.1,32509509,['not_annot'],[nan],1,,,0.0,0,0,0,0,0,0,0,0,0,0,0,0,0,0,0
1113,NW_022145613.1,32932262,['not_annot'],[nan],1,,,0.0,0,0,0,0,0,0,0,0,0,0,0,0,0,0,0
1114,NW_022145613.1,33035064,['not_annot'],[nan],1,,,0.0,0,0,0,0,0,0,0,0,0,0,0,0,0,0,0
1115,NW_022145613.1,33268594,['not_annot'],[nan],1,,,0.0,0,0,0,0,0,0,0,0,0,0,0,0,0,0,0
1116,NW_022145613.1,33272435,['not_annot'],[nan],1,,,0.0,0,0,0,0,0,0,0,0,0,0,0,0,0,0,0
1117,NW_022145613.1,33310462,['not_annot'],[nan],1,,,0.0,0,0,0,0,0,0,0,0,0,0,0,0,0,0,0
1127,NW_022145613.1,36643666,['not_annot'],[nan],1,,,0.0,0,0,0,0,0,0,0,0,0,0,0,0,0,0,0
1131,NW_022145613.1,37897090,['not_annot'],[nan],1,,,0.0,0,0,0,0,0,0,0,0,0,0,0,0,0,0,0
1132,NW_022145613.1,39283135,['not_annot'],[nan],1,,,0.0,0,0,0,0,0,0,0,0,0,0,0,0,0,0,0
1137,NW_022145614.1,3161434,['not_annot'],[nan],1,,,0.0,0,0,0,0,0,0,0,0,0,0,0,0,0,0,0
1138,NW_022145614.1,5240185,['not_annot'],[nan],1,,,0.0,0,0,0,0,0,0,0,0,0,0,0,0,0,0,0
1140,NW_022145614.1,6125933,['not_annot'],[nan],1,,,0.0,0,0,0,0,0,0,0,0,0,0,0,0,0,0,0
1144,NW_022145614.1,8280439,['not_annot'],[nan],1,,,0.0,0,0,0,0,0,0,0,0,0,0,0,0,0,0,0
1146,NW_022145614.1,9694775,['not_annot'],[nan],1,,,0.0,0,0,0,0,0,0,0,0,0,0,0,0,0,0,0
1148,NW_022145614.1,10070442,['not_annot'],[nan],1,,,0.0,0,0,0,0,0,0,0,0,0,0,0,0,0,0,0
1152,NW_022145614.1,10753431,['not_annot'],[nan],1,,,0.0,0,0,0,0,0,0,0,0,0,0,0,0,0,0,0
1153,NW_022145614.1,10760497,['not_annot'],[nan],1,,,0.0,0,0,0,0,0,0,0,0,0,0,0,0,0,0,0
1171,NW_022145614.1,19520857,['not_annot'],[nan],1,,,0.0,0,0,0,0,0,0,0,0,0,0,0,0,0,0,0
1174,NW_022145614.1,20183462,['not_annot'],[nan],1,,,0.0,0,0,0,0,0,0,0,0,0,0,0,0,0,0,0
1176,NW_022145614.1,21867478,['not_annot'],[nan],1,,,0.0,0,0,0,0,0,0,0,0,0,0,0,0,0,0,0
1177,NW_022145614.1,21867675,['not_annot'],[nan],1,,,0.0,0,0,0,0,0,0,0,0,0,0,0,0,0,0,0
1181,NW_022145614.1,22440481,['not_annot'],[nan],1,,,0.0,0,0,0,0,0,0,0,0,0,0,0,0,0,0,0
1183,NW_022145614.1,24521343,['not_annot'],[nan],1,,,0.0,0,0,0,0,0,0,0,0,0,0,0,0,0,0,0
1187,NW_022145614.1,26454739,['not_annot'],[nan],1,,,0.0,0,0,0,0,0,0,0,0,0,0,0,0,0,0,0
1189,NW_022145614.1,27839077,['not_annot'],[nan],1,,,0.0,0,0,0,0,0,0,0,0,0,0,0,0,0,0,0
1190,NW_022145614.1,27839565,['not_annot'],[nan],1,,,0.0,0,0,0,0,0,0,0,0,0,0,0,0,0,0,0
1191,NW_022145614.1,28138404,['not_annot'],[nan],1,,,0.0,0,0,0,0,0,0,0,0,0,0,0,0,0,0,0
1201,NW_022145615.1,8042261,['not_annot'],[nan],1,,,0.0,0,0,0,0,0,0,0,0,0,0,0,0,0,0,0
1204,NW_022145615.1,9504094,['not_annot'],[nan],1,,,0.0,0,0,0,0,0,0,0,0,0,0,0,0,0,0,0
1209,NW_022145615.1,13643702,['not_annot'],[nan],1,,,0.0,0,0,0,0,0,0,0,0,0,0,0,0,0,0,0
1215,NW_022145615.1,16473602,['not_annot'],[nan],1,,,0.0,0,0,0,0,0,0,0,0,0,0,0,0,0,0,0
1216,NW_022145615.1,16487695,['not_annot'],[nan],1,,,0.0,0,0,0,0,0,0,0,0,0,0,0,0,0,0,0
1217,NW_022145615.1,16550919,['not_annot'],[nan],1,,,0.0,0,0,0,0,0,0,0,0,0,0,0,0,0,0,0
1218,NW_022145615.1,16575625,['not_annot'],[nan],1,,,0.0,0,0,0,0,0,0,0,0,0,0,0,0,0,0,0
1219,NW_022145615.1,16850968,['not_annot'],[nan],1,,,0.0,0,0,0,0,0,0,0,0,0,0,0,0,0,0,0
1220,NW_022145615.1,16967379,['not_annot'],[nan],1,,,0.0,0,0,0,0,0,0,0,0,0,0,0,0,0,0,0
1223,NW_022145615.1,18804871,['not_annot'],[nan],1,,,0.0,0,0,0,0,0,0,0,0,0,0,0,0,0,0,0
1227,NW_022145615.1,21779117,['not_annot'],[nan],1,,,0.0,0,0,0,0,0,0,0,0,0,0,0,0,0,0,0
1228,NW_022145615.1,23319878,['not_annot'],[nan],1,,,0.0,0,0,0,0,0,0,0,0,0,0,0,0,0,0,0
1234,NW_022145615.1,31696020,['not_annot'],[nan],1,,,0.0,0,0,0,0,0,0,0,0,0,0,0,0,0,0,0
1235,NW_022145615.1,31696033,['not_annot'],[nan],1,,,0.0,0,0,0,0,0,0,0,0,0,0,0,0,0,0,0
